<?xml version="1.0" encoding="UTF-8"?>
<configuration scan="true" scanPeriod="15 seconds">


<appender name="CONSOLE" class="ch.qos.logback.core.ConsoleAppender">
        <layout class="ch.qos.logback.classic.PatternLayout">
            <Pattern>
                %M-%d{HH:mm:ss.SSS} ---[%X{correlationID}] [%t] %-5level %logger{36} - %msg%n
            </Pattern>
        </layout>
    </appender>

    <appender name="contextinfo" class="ch.qos.logback.core.ConsoleAppender">
        <layout class="ch.qos.logback.classic.PatternLayout">
            <Pattern>
                %X{correlationID} --- %M-%d{HH:mm:ss.SSS} [%t] %-5level %logger{36} - %msg%n
            </Pattern>
        </layout>
    </appender>

    <logger name="com.cmp.app" level="debug" additivity="false">
        <appender-ref ref="CONSOLE"/>
    </logger>

    <root level="info">
        <appender-ref ref="CONSOLE"/>
    </root>

</configuration>